{"2": [[100, 139.4983566741889, 156.90450636928], [200, 128.2635658872541, 149.33099818219185], [300, 120.4724210858606, 152.61953410442536], [400, 113.40056569218312, 152.59437314425074], [500, 108.40580893003816, 148.41842025696374], [600, 103.46813855037061, 147.62759111627048], [700, 101.75706372219594, 148.02038581589775], [800, 97.9896702443167, 147.54642039001652], [900, 94.4512642673224, 152.30442542527246], [1000, 94.04108530349998, 145.316603595448]], "3": [[100, 150.0475566894033, 156.40716930604668], [200, 140.49411842926034, 153.51917584353458], [300, 130.8741960991589, 156.64968624727797], [400, 123.44332045523429, 157.8973604991052], [500, 119.13440699191754, 156.16395783952993], [600, 113.56748690807122, 152.70281944482488], [700, 108.62368693483121, 152.78775376808167], [800, 104.35033069298639, 151.3345369990935], [900, 100.77535769209028, 152.88423250508365], [1000, 97.34319671088939, 150.06129814899103]], "4": [[100, 152.36396209704978, 161.43189045693185], [200, 143.02894133461803, 159.56954895443124], [300, 134.2637225787802, 160.77659358480435], [400, 127.73586071923881, 160.33112678621006], [500, 121.23671658591286, 158.63647996340887], [600, 116.78180414720046, 155.44241382621365], [700, 112.89782280186101, 156.5332048068221], [800, 107.47570617882872, 155.61776788787878], [900, 105.45690085482731, 151.25888162280518], [1000, 100.84943986860954, 157.67994960589834]], "5": [[100, 151.11324269885793, 165.01433849724413], [200, 141.84797177513587, 164.12828040245287], [300, 133.4728019828458, 157.7816814273619], [400, 126.16388303720792, 156.0548349408458], [500, 119.04006854707563, 157.34462221084775], [600, 114.00492657872995, 159.7014137048813], [700, 109.06298318819306, 162.4246855942506], [800, 104.60139427530478, 158.5231392297283], [900, 99.66666747132382, 156.81729426895805], [1000, 96.43542192973102, 162.06469559910173]], "6": [[100, 151.84659534038616, 163.42829237986547], [200, 137.29668364345162, 167.1819586251772], [300, 129.05180917676938, 162.48310063301565], [400, 120.92251077921824, 159.65820856632575], [500, 114.42124649804836, 163.99774219536212], [600, 108.3141578080495, 162.14902109788233], [700, 103.08876971289783, 166.03814928271396], [800, 97.88219091568007, 162.0890621437279], [900, 94.33987741804084, 157.94127861357347], [1000, 90.54309128125819, 159.70015374551818]]}