{"2": [[100, 0.7051853486534027, 0.6924941943109005], [200, 0.73384556066038, 0.6867152900489842], [300, 0.750869787633217, 0.6962229900327137], [400, 0.7645683334977811, 0.6965906675931193], [500, 0.7751117659725575, 0.7027668421023001], [600, 0.787336852604593, 0.7065523105765338], [700, 0.8019920629115416, 0.6985704405817039], [800, 0.8091108027172704, 0.7041291403314903], [900, 0.8151594118001925, 0.7064025606853876], [1000, 0.8207941606297159, 0.7090151605259435]], "3": [[100, 0.6903301496120585, 0.6665900531900871], [200, 0.7127027878004877, 0.6721705360539233], [300, 0.7265707036274653, 0.6762660702761103], [400, 0.7423917674291788, 0.6809948119707502], [500, 0.7522640289885063, 0.6779149163609864], [600, 0.7643176890379444, 0.6814386645651391], [700, 0.773828726381248, 0.6802102394354309], [800, 0.7847776770137771, 0.6841353709650778], [900, 0.7892369645038998, 0.688062965367031], [1000, 0.7990887696654208, 0.6832458808821483]], "4": [[100, 0.6892658594359256, 0.6674528762177326], [200, 0.7061905966359686, 0.6733362120359028], [300, 0.7189454278724218, 0.6709815291097969], [400, 0.736876068429032, 0.6759947701627439], [500, 0.7481981001667938, 0.6768680983056958], [600, 0.7603418963197008, 0.6725985287111479], [700, 0.7676645656825156, 0.6825138419577279], [800, 0.7755761606180336, 0.6818003383648348], [900, 0.7850068659152724, 0.6819304078767361], [1000, 0.7901684316560482, 0.6839416445743576]], "5": [[100, 0.6884019136832186, 0.6642308534611872], [200, 0.710568973367891, 0.6646031549116546], [300, 0.7284219173106273, 0.6705601560697814], [400, 0.7436798174445725, 0.6752307549264179], [500, 0.7529154761972, 0.6758410261750923], [600, 0.7664104771684921, 0.6732813321628094], [700, 0.7757798784032107, 0.6770449977359158], [800, 0.7860592103514861, 0.6716914128458492], [900, 0.7921409294050854, 0.680193244406017], [1000, 0.8012964916210292, 0.677876313726212]], "6": [[100, 0.6925865386871045, 0.6604772403306923], [200, 0.7185336885897523, 0.6711989598626246], [300, 0.7369670799305851, 0.672138961517402], [400, 0.7533294493119141, 0.6718196279910892], [500, 0.7691682997244002, 0.6700885345304965], [600, 0.7787832508665835, 0.6798289791297635], [700, 0.7889071819084423, 0.6717232626271106], [800, 0.7975193976362023, 0.6751221058369135], [900, 0.8066057693182279, 0.6757962516077614], [1000, 0.8134404148936508, 0.6811874491861877]]}