{"2": [[100, 108.75251004674246, 146.07911396092246], [200, 84.61881168501843, 136.22591965183162], [300, 70.57345222096882, 135.52858829898145], [400, 60.261951704182195, 130.34734898609997]], "3": [[100, 127.33251998035273, 155.55051507555558], [200, 108.59576573788442, 152.6367159917495], [300, 95.75167657504869, 149.6713617379627], [400, 85.34817421226, 147.1222907732484]], "4": [[100, 131.5133283493327, 154.1317482612201], [200, 113.50165329266365, 155.03209108624142], [300, 100.8712912326876, 152.25715092452688], [400, 91.97158382716171, 146.8610100128193]], "5": [[100, 133.38238398491475, 157.61964148545275], [200, 114.99168257503966, 155.92912166289827], [300, 103.37910839052451, 154.16662052034187], [400, 93.84546279892515, 155.3834489758489]], "6": [[100, 135.91738138758328, 157.83256492096086], [200, 118.41337530286658, 156.01638565142653], [300, 104.88863929966246, 160.87320177565172], [400, 95.83077152248556, 154.22160379313462]]}