{"2": [[100, 150.5944011033495, 248.26515728925492], [200, 141.8032944778493, 240.5439483536332], [300, 138.41744967791882, 240.39989485138392], [400, 136.3800105384004, 237.8466726377197]], "3": [[100, 172.86984617211095, 254.85628704477904], [200, 169.17056873963423, 255.90028051009588], [300, 167.0402308859139, 254.8339264107973], [400, 166.24445771724257, 255.1449284158512]], "4": [[100, 176.07494740850018, 258.0374886493539], [200, 172.60565140661933, 257.66281600791893], [300, 171.32995181255927, 256.70586096642273], [400, 170.6884188184114, 256.36233950628576]], "5": [[100, 177.89820178111114, 258.8991856745372], [200, 175.07477554114118, 258.35021704352243], [300, 174.12067553225899, 257.96913533924373], [400, 173.76837170317532, 258.4440498970927]], "6": [[100, 182.02656827542535, 261.5537699791637], [200, 178.75784852602268, 260.4871094728586], [300, 177.62979012116426, 261.04925120803887], [400, 177.2610954953018, 261.7849188164734]]}